[
  {
    "path": "/login",
    "component": "@/layouts/UserLayout"
  },
  {
    "path": "/",
    "component": "@/layouts/BasicLayout",
    "routes": [
      {
        "path": "/",
        "redirectTo": "/welcome"
      },
      {
        "path": "/welcome",
        "name": "首页",
        "icon": "welcome",
        "locale": "welcome",
        "component": "@/pages/Home/index"
      },
      {
        "path": "/dashboard",
        "name": "实例展示",
        "locale": "dashboard",
        "icon": "dashboard",
        "side": true,
        "routes": [
          {
            "path": "/dashboard/demo",
            "name": "实例展示",
            "locale": "实例展示",
            "icon": "pie-chart",
            "index": true,
            "side": true,
            "component": "@/pages/Demo"
          },
          {
            "path": "/dashboard/EditTable",
            "name": "编辑表格",
            "locale": "编辑表格",
            "icon": "file-protect",
            "component": "@/pages/EditTable"
          }
        ]
      },
      {
        "path": "/404",
        "name": "404",
        "hideInMenu": true,
        "icon": "file-protect",
        "component": "@/pages/404"
      },
      {
        "path": "/403",
        "name": "403",
        "hideInMenu": true,
        "icon": "file-protect",
        "component": "@/pages/403"
      }
    ]
  }
]
