[
  {
    "path": "/login",
    "component": "@/layouts/UserLayout"
  },
  {
    "path": "/",
    "component": "@/layouts/BasicLayout",
    "routes": [
      {
        "path": "/",
        "redirectTo": "/welcome"
      },
      {
        "path": "/*",
        "component": "@/pages/404"
      },
      {
        "path": "/welcome",
        "name": "首页",
        "locale": "welcome",
        "icon": "dashboard",
        "component": "@/pages/Home/index"
      },
      {
        "path": "/user/:id",
        "name": "用户",
        "locale": "user",
        "icon": "dashboard",
        "component": "@/pages/User/index"
      },
      {
        "path": "/dashboard",
        "name": "页面实例",
        "locale": "dashboard",
        "icon": "fileText",
        "side": true,
        "component": "@/pages/Demo"
      },
      {
        "path": "/components",
        "name": "组件页",
        "locale": "components",
        "icon": "form",
        "side": true,
        "routes": [
          {
            "index": true,
            "path": "/components/proform",
            "name": "高级表单",
            "locale": "proform",
            "component": "@/pages/Components/ProForm"
          },
          {
            "path": "/components/proDescriptions",
            "name": "定义列表",
            "locale": "proDescriptions",
            "component": "@/pages/Components/ProDescriptions"
          },
          {
            "path": "/components/editableProTable",
            "name": "编辑表格",
            "locale": "editableProTable",
            "component": "@/pages/Components/EditableProTable"
          }
        ]
      },
      {
        "path": "/list",
        "name": "列表页",
        "icon": "table",
        "locale": "list",
        "side": true,
        "routes": [
          {
            "index": true,
            "path": "/list/tablelist",
            "name": "高级表格",
            "locale": "tablelist",
            "component": "@/pages/List/TableList"
          },
          {
            "path": "/list/prolist",
            "name": "高级列表",
            "locale": "prolist",
            "component": "@/pages/List/ProList"
          },
          {
            "path": "/list/basiclist",
            "name": "基础列表",
            "locale": "basiclist",
            "component": "@/pages/List/BasicList"
          },
          {
            "path": "/list/cardlist",
            "name": "卡片列表",
            "locale": "cardlist",
            "component": "@/pages/List/CardList"
          }
        ]
      },
      {
        "path": "/detail",
        "name": "详情页",
        "icon": "profile",
        "locale": "detail",
        "routes": [
          {
            "path": "/detail/basicdetails",
            "name": "基础详情页",
            "locale": "basicdetails",
            "component": "@/pages/Detail/BasicDetails"
          },
          {
            "path": "/detail/advanceddetails",
            "name": "高级详情页",
            "locale": "advanceddetails",
            "component": "@/pages/Detail/AdvancedDetails"
          }
        ]
      },
      {
        "path": "/results",
        "name": "结果页",
        "locale": "results",
        "icon": "checkCircle",
        "routes": [
          {
            "path": "/results/success",
            "name": "成功页",
            "locale": "success",
            "component": "@/pages/Results/Success"
          },
          {
            "path": "/results/fail",
            "name": "失败页",
            "locale": "fail",
            "component": "@/pages/Results/Fail"
          }
        ]
      },
      {
        "path": "/person",
        "name": "个人页",
        "icon": "user",
        "locale": "person",
        "routes": [
          {
            "path": "/person/personalCenter",
            "name": "个人中心",
            "locale": "personalCenter",
            "component": "@/pages/Person/PersonalCenter"
          },
          {
            "path": "/person/personalSettings",
            "name": "个人设置",
            "locale": "personalSettings",
            "component": "@/pages/Person/PersonalSettings"
          }
        ]
      },
      {
        "path": "/403",
        "name": "403",
        "icon": "file-protect",
        "component": "@/pages/403",
        "hideInMenu": true
      }
    ]
  }
]
