[
  {
    "path": "/login",
    "component": "@/layouts/UserLayout"
  },
  {
    "path": "/",
    "component": "@/layouts/BasicLayout",
    "routes": [
      {
        "path": "/",
        "redirectTo": "/welcome"
      },
      {
        "path": "/doc/:id",
        "name": "首页21",
        "icon": "welcome",
        "component": "@/pages/index"
      },
      {
        "path": "/welcome",
        "name": "首页",
        "icon": "welcome",
        "component": "@/pages/index"
      }
    ]
  }
]
